{
  "run_id": "g2r_pilot_scr5_adv3e-3",
  "steps": 20000,
  "k_train": 4,
  "k_eval": 8,
  "omega_adv": 0.003,
  "beta_sd": 1.0,
  "seed": 1234,
  "eval_seed": 1234,
  "guard_fired_on_deliberate_violation": true,
  "heldout_val": {
    "context": "g2r_modec val loader",
    "n_val": 512,
    "val_splits": [
      "train"
    ],
    "train_overlap": 0,
    "heldout_val_verified": true
  },
  "collapse_detected": false,
  "final_gates": {
    "G-CAL": "PASS",
    "G-DIV": "FAIL",
    "G-NVR": "PASS",
    "G-MEAN": "FAIL",
    "G-CERT": "WARN",
    "G-PERC": "FAIL"
  },
  "final_gates_passed": 3,
  "final_metrics_row": {
    "step": 20000,
    "n_images": 512,
    "k_samples": 8,
    "psnr_mean_db": 6.766968974879781,
    "psnr_sample_db": 5.506663423853026,
    "psnr_baseline_db": 22.25258505414529,
    "lpips_sample": 0.4501522350474261,
    "lpips_baseline": 0.23191990095801884,
    "std_median": 0.4841229182759271,
    "nvr": 4.850565554384082,
    "edge_spearman": -0.0292709323963153,
    "relmeas_median_f64": 2.609384408392207e-06,
    "relmeas_p95_f64": 4.507510891381746e-06,
    "relmeas_max_f64": 1.682787288260439e-05,
    "g_cal": "PASS",
    "g_div": "FAIL",
    "g_nvr": "PASS",
    "g_mean": "FAIL",
    "g_cert": "WARN",
    "g_perc": "FAIL",
    "gates_passed": 3
  },
  "rel_meas_err_unclipped": {
    "median": 2.609384408392207e-06,
    "p95": 4.507510891381746e-06,
    "max": 1.682787288260439e-05
  },
  "roundtrip_max_abs_diff": 0.0,
  "dump_path": "E:\\ns_mc_gan_gi\\outputs_g2r\\g2r_pilot_scr5_adv3e-3\\evals\\final.npz",
  "final_log_row": {
    "step": 20000,
    "d_loss": 0.0,
    "g_loss": -5.78826904296875,
    "l_rec": 1.8242988586425781,
    "l_sd_reward": 7.857685089111328,
    "l_adv": 81.6875,
    "omega_adv": 0.003,
    "d_real_mean": 7.5703125,
    "d_fake_mean": -81.25,
    "g_grad_norm": 37.03732637562663,
    "d_grad_norm": 0.0,
    "r1": 0.0,
    "rel_meas_err_unclipped_median": 2.3464781406801194e-06,
    "rel_meas_err_unclipped_max": 3.78192225980456e-06,
    "median_pixel_std": 5.926156997680664,
    "sec_per_step": 0.2334275957584381
  }
}