{
  "seed": 2,
  "n_bands": 16,
  "selected_specs": {
    "balanced": [
      "scalar",
      [
        0.5
      ]
    ],
    "quality_lite": [
      "scalar",
      [
        0.7
      ]
    ],
    "oracle": [
      "band",
      [
        0.0,
        0.0,
        1.0,
        1.0,
        1.0,
        1.0,
        1.0,
        1.0,
        1.0,
        1.0,
        1.0,
        1.0,
        1.0,
        1.0,
        1.0,
        1.0
      ]
    ]
  },
  "selected_names": {
    "balanced": "scalar_0.50",
    "quality_lite": "scalar_0.70",
    "oracle": "lowpass_cut2"
  },
  "val_means": {
    "vqae": {
      "lpips": 0.2954743026930373,
      "psnr": 23.196317370291332,
      "rmse": 0.07253392853999685,
      "rapsd": 0.0032600082876348387,
      "relmeaserr": 3.589924724372317e-07
    },
    "vqgan": {
      "lpips": 0.17096834233962,
      "psnr": 21.275656049256742,
      "rmse": 0.09106222134505515,
      "rapsd": 0.0018064046616375852,
      "relmeaserr": 3.589240019119167e-07
    },
    "fusion_balanced": {
      "lpips": 0.20155613716633525,
      "psnr": 22.741778832692823,
      "rmse": 0.0765753398227389,
      "rapsd": 0.0028720638963255062,
      "relmeaserr": 3.533365613039898e-07
    },
    "fusion_quality_lite": {
      "lpips": 0.180761090334272,
      "psnr": 22.227713336346646,
      "rmse": 0.08137031853402732,
      "rapsd": 0.002474711582389532,
      "relmeaserr": 3.556455961463489e-07
    },
    "fusion_oracle": {
      "lpips": 0.1709510574437445,
      "psnr": 21.283515813649366,
      "rmse": 0.09097974775067996,
      "rapsd": 0.0018078963944702753,
      "relmeaserr": 3.552185883530246e-07
    }
  },
  "dev_means": {
    "vqae": {
      "lpips": 0.2919895636441652,
      "psnr": 22.87029498334649,
      "rmse": 0.07488292901325622,
      "rapsd": 0.003080095137600829,
      "relmeaserr": 3.5568136804617654e-07
    },
    "vqgan": {
      "lpips": 0.16604389558779076,
      "psnr": 20.946313276426373,
      "rmse": 0.0937674742526724,
      "rapsd": 0.0016946262245968113,
      "relmeaserr": 3.5642540918688823e-07
    },
    "fusion_balanced": {
      "lpips": 0.19691936014714884,
      "psnr": 22.429048480542253,
      "rmse": 0.07888758909757598,
      "rapsd": 0.002724245886663829,
      "relmeaserr": 3.5571408661613314e-07
    },
    "fusion_quality_lite": {
      "lpips": 0.1759869997840724,
      "psnr": 21.910928898564173,
      "rmse": 0.08379351740586571,
      "rapsd": 0.0023533909146761043,
      "relmeaserr": 3.578119968431877e-07
    },
    "fusion_oracle": {
      "lpips": 0.1660218046963564,
      "psnr": 20.954415710143035,
      "rmse": 0.09368022856506286,
      "rapsd": 0.0016954118142439509,
      "relmeaserr": 3.5570512646420444e-07
    }
  }
}