{
  "seed": 0,
  "n_bands": 16,
  "selected_specs": {
    "balanced": [
      "scalar",
      [
        0.55
      ]
    ],
    "quality_lite": [
      "scalar",
      [
        0.75
      ]
    ],
    "oracle": [
      "band",
      [
        0.0,
        0.0,
        1.0,
        1.0,
        1.0,
        1.0,
        1.0,
        1.0,
        1.0,
        1.0,
        1.0,
        1.0,
        1.0,
        1.0,
        1.0,
        1.0
      ]
    ]
  },
  "selected_names": {
    "balanced": "scalar_0.55",
    "quality_lite": "scalar_0.75",
    "oracle": "lowpass_cut2"
  },
  "val_means": {
    "vqae": {
      "lpips": 0.30095509663806297,
      "psnr": 23.22403308672297,
      "rmse": 0.07229586952780664,
      "rapsd": 0.0033190807078745197,
      "relmeaserr": 3.5741963354244247e-07
    },
    "vqgan": {
      "lpips": 0.1728611854632618,
      "psnr": 21.615740989795388,
      "rmse": 0.08721561752827256,
      "rapsd": 0.0021098688509258376,
      "relmeaserr": 3.56364391624474e-07
    },
    "fusion_balanced": {
      "lpips": 0.19982632796018152,
      "psnr": 22.781817665683043,
      "rmse": 0.07613597000272421,
      "rapsd": 0.002971061859569144,
      "relmeaserr": 3.583409651055552e-07
    },
    "fusion_quality_lite": {
      "lpips": 0.18205347825278295,
      "psnr": 22.319795094573514,
      "rmse": 0.08034125521589885,
      "rapsd": 0.002633963134518084,
      "relmeaserr": 3.5451792733221805e-07
    },
    "fusion_oracle": {
      "lpips": 0.17285798650118522,
      "psnr": 21.622977392485147,
      "rmse": 0.0871426229714416,
      "rapsd": 0.002111665350401531,
      "relmeaserr": 3.6019951339221987e-07
    }
  },
  "dev_means": {
    "vqae": {
      "lpips": 0.29693951856461354,
      "psnr": 22.883583122363426,
      "rmse": 0.07481092763191555,
      "rapsd": 0.0031203508161643623,
      "relmeaserr": 3.6094871106131195e-07
    },
    "vqgan": {
      "lpips": 0.16843288574455073,
      "psnr": 21.300279175104222,
      "rmse": 0.08976511719811242,
      "rapsd": 0.002115529842835458,
      "relmeaserr": 3.556521504381336e-07
    },
    "fusion_balanced": {
      "lpips": 0.19731601445528213,
      "psnr": 22.452598501893817,
      "rmse": 0.07860497917499742,
      "rapsd": 0.0028483539055723637,
      "relmeaserr": 3.530583862244762e-07
    },
    "fusion_quality_lite": {
      "lpips": 0.1786337603480206,
      "psnr": 21.996349604493183,
      "rmse": 0.08283367967669619,
      "rapsd": 0.002559773862528431,
      "relmeaserr": 3.569007712244995e-07
    },
    "fusion_oracle": {
      "lpips": 0.1684189502047957,
      "psnr": 21.307330332301476,
      "rmse": 0.0896916206474998,
      "rapsd": 0.002116295183275357,
      "relmeaserr": 3.5433111190250363e-07
    }
  }
}