{
  "seed": 1,
  "n_bands": 16,
  "selected_specs": {
    "balanced": [
      "scalar",
      [
        0.55
      ]
    ],
    "quality_lite": [
      "scalar",
      [
        0.75
      ]
    ],
    "oracle": [
      "band",
      [
        0.0,
        0.0,
        1.0,
        1.0,
        1.0,
        1.0,
        1.0,
        1.0,
        1.0,
        1.0,
        1.0,
        1.0,
        1.0,
        1.0,
        1.0,
        1.0
      ]
    ]
  },
  "selected_names": {
    "balanced": "scalar_0.55",
    "quality_lite": "scalar_0.75",
    "oracle": "lowpass_cut2"
  },
  "val_means": {
    "vqae": {
      "lpips": 0.2935859816207085,
      "psnr": 23.17194847620839,
      "rmse": 0.07274492841315805,
      "rapsd": 0.003245399645467198,
      "relmeaserr": 3.5761971587098007e-07
    },
    "vqgan": {
      "lpips": 0.17497252907196525,
      "psnr": 21.533383642150653,
      "rmse": 0.08807098683610093,
      "rapsd": 0.0021365978078508093,
      "relmeaserr": 3.556787294469492e-07
    },
    "fusion_balanced": {
      "lpips": 0.20266490233916556,
      "psnr": 22.72388664949786,
      "rmse": 0.07663243206843617,
      "rapsd": 0.002947472492809612,
      "relmeaserr": 3.529585256709802e-07
    },
    "fusion_quality_lite": {
      "lpips": 0.18426867818197934,
      "psnr": 22.251258207671746,
      "rmse": 0.08097477797127794,
      "rapsd": 0.002621753723552573,
      "relmeaserr": 3.5602757555316e-07
    },
    "fusion_oracle": {
      "lpips": 0.17495381108892616,
      "psnr": 21.540798745864564,
      "rmse": 0.08799225521215703,
      "rapsd": 0.0021366820395397456,
      "relmeaserr": 3.566403617352749e-07
    }
  },
  "dev_means": {
    "vqae": {
      "lpips": 0.29050534054113086,
      "psnr": 22.852650641280597,
      "rmse": 0.07508043394773267,
      "rapsd": 0.003070648591298443,
      "relmeaserr": 3.545251937916232e-07
    },
    "vqgan": {
      "lpips": 0.16634816832083743,
      "psnr": 21.25591137902779,
      "rmse": 0.09040050094699836,
      "rapsd": 0.0020621872985343882,
      "relmeaserr": 3.5545162551937073e-07
    },
    "fusion_balanced": {
      "lpips": 0.19568753664498217,
      "psnr": 22.429524151119153,
      "rmse": 0.07890238099571434,
      "rapsd": 0.0028216225648008937,
      "relmeaserr": 3.564553519043245e-07
    },
    "fusion_quality_lite": {
      "lpips": 0.17614887079253094,
      "psnr": 21.965607654373294,
      "rmse": 0.08325506945402594,
      "rapsd": 0.002527913882340185,
      "relmeaserr": 3.532473666130215e-07
    },
    "fusion_oracle": {
      "lpips": 0.16631647206668276,
      "psnr": 21.26362701450303,
      "rmse": 0.0903188803276862,
      "rapsd": 0.0020635534414614465,
      "relmeaserr": 3.558589123114808e-07
    }
  }
}