{
  "min_norm_E0": 28483.10387292742,
  "models": {
    "tsa_net": {
      "E_R": 56.94096199098942,
      "E_0": 1452.4653475523871,
      "null_energy_frac_pct": 96.22759215785872
    },
    "gap_net": {
      "E_R": 964.0915525428042,
      "E_0": 4585.900753578942,
      "null_energy_frac_pct": 82.62895695405932
    },
    "dgsmp": {
      "E_R": 66.96000690479916,
      "E_0": 1209.4915609850805,
      "null_energy_frac_pct": 94.75420700720422
    },
    "lambda_net": {
      "E_R": 68.72179388232726,
      "E_0": 2993.2880220472416,
      "null_energy_frac_pct": 97.75566382822112
    },
    "hdnet": {
      "E_R": 20.89196299851068,
      "E_0": 696.5082537438932,
      "null_energy_frac_pct": 97.08782315492212
    },
    "mst_s": {
      "E_R": 27.64459555734829,
      "E_0": 800.165761959347,
      "null_energy_frac_pct": 96.66051586497686
    },
    "mst_m": {
      "E_R": 18.23292989011535,
      "E_0": 709.2297469952422,
      "null_energy_frac_pct": 97.49362675647087
    },
    "dauhst_2stg": {
      "E_R": 18.927414254580906,
      "E_0": 650.9581688883455,
      "null_energy_frac_pct": 97.174530288325
    },
    "mst_l": {
      "E_R": 15.733035207855988,
      "E_0": 652.2212474744892,
      "null_energy_frac_pct": 97.64459400654249
    },
    "cst_l": {
      "E_R": 14.495214762836259,
      "E_0": 566.6063605957401,
      "null_energy_frac_pct": 97.50556264558537
    },
    "mst_plus_plus": {
      "E_R": 14.082437622907909,
      "E_0": 553.0822569193285,
      "null_energy_frac_pct": 97.51704614930695
    },
    "birnat": {
      "E_R": 3.400520634506692,
      "E_0": 435.04906812366727,
      "null_energy_frac_pct": 99.2244215249151
    },
    "dauhst_9stg": {
      "E_R": 1.8612877051659935,
      "E_0": 360.62183578751603,
      "null_energy_frac_pct": 99.48651741707816
    }
  }
}