{
  "run_id": "g2r_pilot_scr5_adv1e-3",
  "steps": 20000,
  "k_train": 4,
  "k_eval": 8,
  "omega_adv": 0.001,
  "beta_sd": 1.0,
  "seed": 1234,
  "eval_seed": 1234,
  "guard_fired_on_deliberate_violation": true,
  "heldout_val": {
    "context": "g2r_modec val loader",
    "n_val": 512,
    "val_splits": [
      "train"
    ],
    "train_overlap": 0,
    "heldout_val_verified": true
  },
  "collapse_detected": false,
  "final_gates": {
    "G-CAL": "PASS",
    "G-DIV": "FAIL",
    "G-NVR": "PASS",
    "G-MEAN": "FAIL",
    "G-CERT": "WARN",
    "G-PERC": "FAIL"
  },
  "final_gates_passed": 3,
  "final_metrics_row": {
    "step": 20000,
    "n_images": 512,
    "k_samples": 8,
    "psnr_mean_db": 7.095805049699837,
    "psnr_sample_db": 5.65806677381806,
    "psnr_baseline_db": 22.25258505414529,
    "lpips_sample": 0.43218476443144027,
    "lpips_baseline": 0.23191990095801884,
    "std_median": 0.4841229182759271,
    "nvr": 4.9275908755285975,
    "edge_spearman": -0.02530625481808443,
    "relmeas_median_f64": 2.6940246261211182e-06,
    "relmeas_p95_f64": 4.6055464506920445e-06,
    "relmeas_max_f64": 1.6838926374351588e-05,
    "g_cal": "PASS",
    "g_div": "FAIL",
    "g_nvr": "PASS",
    "g_mean": "FAIL",
    "g_cert": "WARN",
    "g_perc": "FAIL",
    "gates_passed": 3
  },
  "rel_meas_err_unclipped": {
    "median": 2.6940246261211182e-06,
    "p95": 4.6055464506920445e-06,
    "max": 1.6838926374351588e-05
  },
  "roundtrip_max_abs_diff": 0.0,
  "dump_path": "E:\\ns_mc_gan_gi\\outputs_g2r\\g2r_pilot_scr5_adv1e-3\\evals\\final.npz",
  "final_log_row": {
    "step": 20000,
    "d_loss": 0.0,
    "g_loss": -6.519811630249023,
    "l_rec": 1.6150896549224854,
    "l_sd_reward": 8.24744987487793,
    "l_adv": 112.5625,
    "omega_adv": 0.001,
    "d_real_mean": 4.76953125,
    "d_fake_mean": -112.6875,
    "g_grad_norm": 73.9412416808637,
    "d_grad_norm": 0.0,
    "r1": 0.0,
    "rel_meas_err_unclipped_median": 2.4339469746337272e-06,
    "rel_meas_err_unclipped_max": 4.158048341196263e-06,
    "median_pixel_std": 6.152119159698486,
    "sec_per_step": 0.2378005949139595
  }
}