{
  "aggregate": {
    "8": {
      "n": 429,
      "full_median": 0.13507251552823024,
      "detail_median": 0.8843791245198225
    },
    "16": {
      "n": 429,
      "full_median": 0.18363382013728166,
      "detail_median": 0.9383114641957928
    }
  },
  "illustration": {
    "file": "file1001566.h5",
    "slice": 6,
    "box": [
      77,
      93,
      157,
      126
    ],
    "label": "Soft Tissue Lesion",
    "donor": "file1000033.h5",
    "accel": 8.55813953488372,
    "record_residual_max_over_B": 3.5817699665754056e-16,
    "fine_contrast_true": 1.3791917718331364e-05,
    "fine_contrast_witness": 7.831407374622918e-06,
    "fine_contrast_swing_pct": -43.21741519517698,
    "B_grid": [
      0.0,
      0.1,
      0.2,
      0.30000000000000004,
      0.4,
      0.5,
      0.6000000000000001,
      0.7000000000000001,
      0.8,
      0.9,
      1.0
    ],
    "detector": [
      1.3791917718331364e-05,
      1.2763897491373057e-05,
      1.1766419687032928e-05,
      1.080771541973421e-05,
      9.914713488059653e-06,
      9.12237203923613e-06,
      8.456207340142866e-06,
      7.959915755292341e-06,
      7.688034628922552e-06,
      7.646153020702933e-06,
      7.831407374622918e-06
    ],
    "record_residual": [
      1.168454071792302e-16,
      2.3064406124010724e-16,
      2.224013021947643e-16,
      2.269333787058281e-16,
      2.3795070059176433e-16,
      2.5475698877600517e-16,
      2.63537817650129e-16,
      2.9062459189953706e-16,
      2.985480953534845e-16,
      3.3567098393578553e-16,
      3.5817699665754056e-16
    ]
  }
}