{
  "accel": 7.829787234042552,
  "sampling_rate": 0.12771739130434784,
  "n_vol": 19,
  "lambda": 0.001,
  "range_ceiling_psnr": [
    23.918351470504824,
    1.5330940378270221
  ],
  "wavelet_cs": {
    "psnr": [
      23.804625211687505,
      1.5278408669616055
    ],
    "total_gain_db": -0.11372625881731935,
    "null_supply_db": -0.11372625881731935,
    "row_effect_db": 0.0,
    "null_share_pct": NaN
  },
  "unet": {
    "psnr": [
      24.794203227634892,
      1.6473671772906302
    ],
    "total_gain_db": 0.8758517571300679,
    "null_supply_db": 0.7762931071438632,
    "row_effect_db": 0.09955864998620899,
    "null_share_pct": 88.63293369274821
  },
  "audit": {
    "unet_record_drift_pre_median": 0.025677001237247178,
    "unet_record_drift_post_median": 2.5651349887357564e-05,
    "contraction_ratio_median": 0.0009990009990009112,
    "contraction_dev_max": 8.350525132483355e-16,
    "target_ratio": 0.0009990009990009992
  }
}