{
  "classification": "VQGAN_PRIOR_TRANSFER_CONFIRMED_MULTI_SEED",
  "development_gate_passed": true,
  "balanced_gate_passed": false,
  "decision_rationale": "Quality-mode VQGAN improves LPIPS by the preregistered margin with cluster CI excluding zero, RAPSD same direction, measurement consistency passing, and PSNR within 2.5 dB tolerance.",
  "quality": {
    "mode": "quality",
    "status": "READY",
    "selections": {
      "0": {
        "vqae_beta": 1.0,
        "vqgan_beta": 1.0,
        "vqae_val": {
          "beta": 1.0,
          "centered_rmse_mean": 0.07229291587464104,
          "edge_sharpness_mean": 0.04992855230375426,
          "full_rmse_mean": 0.07229586952780664,
          "kid": 0.12412706359326764,
          "lpips_mean": 0.3009595385956345,
          "method": "vqae_refiner_nullblend",
          "n": 512,
          "pre_audit_rel_mean": 0.0063634002435719594,
          "projection_norm_mean": 0.03285711241187528,
          "psnr_mean": 23.224033085643644,
          "rapsd_mean": 0.003319080701406063,
          "relmeaserr_mean": 2.1992765242284662e-07,
          "ssim_mean": 0.662234553132578
        },
        "vqgan_val": {
          "beta": 1.0,
          "centered_rmse_mean": 0.08721129802870564,
          "edge_sharpness_mean": 0.07804931707141805,
          "full_rmse_mean": 0.08721561770653352,
          "kid": 0.026525776545955004,
          "lpips_mean": 0.17286538660846418,
          "method": "vqgan_refiner_nullblend",
          "n": 512,
          "pre_audit_rel_mean": 0.01654940124717541,
          "projection_norm_mean": 0.052011643652804196,
          "psnr_mean": 21.615740974246428,
          "rapsd_mean": 0.002109868849591018,
          "relmeaserr_mean": 2.2074766420354663e-07,
          "ssim_mean": 0.5803918149527466
        }
      },
      "1": {
        "vqae_beta": 1.0,
        "vqgan_beta": 1.0,
        "vqae_val": {
          "beta": 1.0,
          "centered_rmse_mean": 0.0727421999508806,
          "edge_sharpness_mean": 0.05020304050776758,
          "full_rmse_mean": 0.07274492858778103,
          "kid": 0.1231899303307582,
          "lpips_mean": 0.29359099514840636,
          "method": "vqae_refiner_nullblend",
          "n": 512,
          "pre_audit_rel_mean": 0.005867109968676232,
          "projection_norm_mean": 0.03184058872284368,
          "psnr_mean": 23.171948456030798,
          "rapsd_mean": 0.0032453996378842467,
          "relmeaserr_mean": 2.2012660588766053e-07,
          "ssim_mean": 0.6608118590327882
        },
        "vqgan_val": {
          "beta": 1.0,
          "centered_rmse_mean": 0.0880656074041326,
          "edge_sharpness_mean": 0.0773994291703275,
          "full_rmse_mean": 0.08807098672696156,
          "kid": 0.02161665589806594,
          "lpips_mean": 0.1749780422760523,
          "method": "vqgan_refiner_nullblend",
          "n": 512,
          "pre_audit_rel_mean": 0.01665002413210459,
          "projection_norm_mean": 0.05278505862224847,
          "psnr_mean": 21.533383650215423,
          "rapsd_mean": 0.002136597800179822,
          "relmeaserr_mean": 2.1913636541470716e-07,
          "ssim_mean": 0.5771099990028226
        }
      },
      "2": {
        "vqae_beta": 1.0,
        "vqgan_beta": 1.0,
        "vqae_val": {
          "beta": 1.0,
          "centered_rmse_mean": 0.07253090126505413,
          "edge_sharpness_mean": 0.05002894329663832,
          "full_rmse_mean": 0.07253392856910068,
          "kid": 0.12053746575775515,
          "lpips_mean": 0.29548067472933326,
          "method": "vqae_refiner_nullblend",
          "n": 512,
          "pre_audit_rel_mean": 0.0056869540276238695,
          "projection_norm_mean": 0.031581049726810306,
          "psnr_mean": 23.196317368932917,
          "rapsd_mean": 0.0032600082751792596,
          "relmeaserr_mean": 2.2037044861145105e-07,
          "ssim_mean": 0.661571160176937
        },
        "vqgan_val": {
          "beta": 1.0,
          "centered_rmse_mean": 0.09105774463023408,
          "edge_sharpness_mean": 0.0841468077051104,
          "full_rmse_mean": 0.09106222139234887,
          "kid": 0.0230772363091023,
          "lpips_mean": 0.17097119450045284,
          "method": "vqgan_refiner_nullblend",
          "n": 512,
          "pre_audit_rel_mean": 0.017944767634617165,
          "projection_norm_mean": 0.05528680013958365,
          "psnr_mean": 21.27565604144664,
          "rapsd_mean": 0.0018064046539716368,
          "relmeaserr_mean": 2.1988686596530194e-07,
          "ssim_mean": 0.5644133040466829
        }
      }
    },
    "metrics": {
      "lpips": {
        "mean_delta": -0.12620817688487782,
        "ci_low": -0.13022201268734837,
        "ci_high": -0.12200601469539833,
        "per_seed_mean_delta": {
          "0": -0.12851227746432414,
          "1": -0.12415958011115436,
          "2": -0.12595267307915492
        },
        "same_direction_negative_count": 3,
        "same_direction_positive_count": 0,
        "n_images_total": 1536,
        "n_seeds": 3
      },
      "rapsd": {
        "mean_delta": -0.0011329170637536439,
        "ci_low": -0.001380292418888914,
        "ci_high": -0.0009708690989502859,
        "per_seed_mean_delta": {
          "0": -0.0010048209804921133,
          "1": -0.0010084612926412975,
          "2": -0.0013854689181275206
        },
        "same_direction_negative_count": 3,
        "same_direction_positive_count": 0,
        "n_images_total": 1536,
        "n_seeds": 3
      },
      "psnr": {
        "mean_delta": -1.7013416304338496,
        "ci_low": -1.9150352980165777,
        "ci_high": -1.5656811070738812,
        "per_seed_mean_delta": {
          "0": -1.5833039319814701,
          "1": -1.596739275678041,
          "2": -1.923981683642038
        },
        "same_direction_negative_count": 3,
        "same_direction_positive_count": 0,
        "n_images_total": 1536,
        "n_seeds": 3
      },
      "ssim": {
        "mean_delta": -0.08529947555819666,
        "ci_low": -0.09571666677274658,
        "ci_high": -0.07879370203597776,
        "per_seed_mean_delta": {
          "0": -0.08023284889408298,
          "1": -0.07971949562150699,
          "2": -0.095946082159
        },
        "same_direction_negative_count": 3,
        "same_direction_positive_count": 0,
        "n_images_total": 1536,
        "n_seeds": 3
      },
      "full_rmse": {
        "mean_delta": 0.016386267170067487,
        "ci_low": 0.014834310769189571,
        "ci_high": 0.018781455530885675,
        "per_seed_mean_delta": {
          "0": 0.014954189464333469,
          "1": 0.01532006709385314,
          "2": 0.018884544952015858
        },
        "same_direction_negative_count": 0,
        "same_direction_positive_count": 3,
        "n_images_total": 1536,
        "n_seeds": 3
      },
      "centered_rmse": {
        "mean_delta": 0.016384022077545524,
        "ci_low": 0.014830995963196376,
        "ci_high": 0.01883844834683259,
        "per_seed_mean_delta": {
          "0": 0.014952061454096112,
          "1": 0.015317617715481896,
          "2": 0.018882387063058566
        },
        "same_direction_negative_count": 0,
        "same_direction_positive_count": 3,
        "n_images_total": 1536,
        "n_seeds": 3
      },
      "relmeaserr": {
        "mean_delta": 9.10815478594174e-10,
        "ci_low": -9.297436276885703e-10,
        "ci_high": 2.677722634366237e-09,
        "per_seed_mean_delta": {
          "0": -9.868103556520659e-11,
          "1": 8.573908250042448e-10,
          "2": 1.9737366463434833e-09
        },
        "same_direction_negative_count": 1,
        "same_direction_positive_count": 2,
        "n_images_total": 1536,
        "n_seeds": 3
      }
    },
    "method_means": {
      "vqae": {
        "lpips": 0.29315104874937487,
        "rapsd": 0.003090364859557352,
        "psnr": 22.868842917091083,
        "ssim": 0.6580807993313126,
        "full_rmse": 0.07492476351520354,